Trial,A,W,MT,ID,TP,OriginalPredictedMT,ShannonPredictedMT
0,0.9022945,10,10.2193612953515,0.124631881713867,0.0121956625381822,17.2232220264435,1.07905358810425
1,0.9689549,20,0.84941439909297,0.0682549327611923,0.0803552810431245,23.5511335337639,0.681415691751242
2,0.6670192,10,0.621895202664399,0.0931570455431938,0.149795407882355,20.2975015136719,0.857055273625255
3,0.7672737,20,11.1722206986961,0.0543118491768837,0.00486132977870927,25.9258633110046,0.583072334614396
4,0.7636185,10,1.24055850340136,0.10616322606802,0.0855769605197512,18.9212535452843,0.948790466102958
5,0.6961622,20,1.36482819586168,0.0493633337318897,0.0361681667198592,26.915553642273,0.548169465477765
