Trial,A,W,MT,ID,TP,OriginalPredictedMT,ShannonPredictedMT
0,1.600698,5,4.92463779053288,0.400690406560898,0.081364442138503,4.33681064555645,3.02614957555532
1,1.468324,5,1.46011310232426,0.371463984251022,0.254407678185828,5.21514660491943,2.82000977371931
2,0.729071,5,1.0431672973356,0.196373090147972,0.188246976922625,12.339156844759,1.58505867943168
