Trial,A,W,MT,ID,TP,OriginalPredictedMT,ShannonPredictedMT
0,1.247973,10,5.65349069586168,0.169665098190308,0.0300106796522194,13.9229100854874,1.39668187055588
1,1.188692,20,1.5450375,0.0832946002483368,0.0539110540995522,21.4713319326401,0.787493474471569
2,0.7136337,10,1.09647580073696,0.0994478240609169,0.0906976916353978,19.6101283700943,0.901425392666459
3,1.331862,20,22.9688304988662,0.0930098369717598,0.00404939367619744,20.3141158592224,0.856016982129216
4,1.730506,10,7.74147799744898,0.23026530444622,0.0297443594778799,10.5965751690865,1.82410724532008
5,1.050817,20,0.673355498866215,0.073876291513443,0.109713652948308,22.725836097908,0.721064259302616
