Trial,A,W,MT,ID,TP
0,0.9732452,5,9.86280299744898,0.256586790084839,0.0260156053153657
1,0.563498,5,6.63202529761905,0.154064193367958,0.023230338615154
2,0,5,2.89633499858277,0,0
3,0,5,1.15133579931973,0,0
4,0,5,0.863324603174604,0,0
5,0,5,0.765054499716552,0,0
6,0,5,1.71438499858277,0,0
7,0,5,0.917811096938774,0,0
8,0,5,1.95102440476191,0,0
g